participant,signatory_status,signature_date,ratification_status,ratification_type,ratification_year,in_effect_ix_reservation,historical_reservation_made_to_article_ix_no_longer_in_effect,reservation_withdrawn_year,reservation_made_at_same_time_as_ratification_and_or_confirmed_upon_succession,successor_state_entry,state_system_membership_year,notes,year,pl_ccode,tmk_onset,genpol_onset,genpol_ongoing_sum,tmk_ongoing_sum,tmk_onset_sum,ever_reserved
Afghanistan,0,NA,1,A,1956,0,0,N/A,N/A,NA,1919,NA,1978,700,1,1,1,1,1,0
Afghanistan,0,NA,1,A,1956,0,0,N/A,N/A,NA,1919,NA,1979,700,1,1,1,1,1,0
Afghanistan,0,NA,1,A,1956,0,0,N/A,N/A,NA,1919,NA,1980,700,0,0,1,1,0,0
Afghanistan,0,NA,1,A,1956,0,0,N/A,N/A,NA,1919,NA,1981,700,0,0,1,1,0,0
Afghanistan,0,NA,1,A,1956,0,0,N/A,N/A,NA,1919,NA,1982,700,0,0,1,1,0,0
Afghanistan,0,NA,1,A,1956,0,0,N/A,N/A,NA,1919,NA,1983,700,0,0,1,1,0,0
Afghanistan,0,NA,1,A,1956,0,0,N/A,N/A,NA,1919,NA,1984,700,0,0,1,1,0,0
Afghanistan,0,NA,1,A,1956,0,0,N/A,N/A,NA,1919,NA,1985,700,0,0,1,1,0,0
Afghanistan,0,NA,1,A,1956,0,0,N/A,N/A,NA,1919,NA,1986,700,0,0,1,1,0,0
Afghanistan,0,NA,1,A,1956,0,0,N/A,N/A,NA,1919,NA,1987,700,0,0,1,1,0,0
Afghanistan,0,NA,1,A,1956,0,0,N/A,N/A,NA,1919,NA,1988,700,0,0,1,1,0,0
Afghanistan,0,NA,1,A,1956,0,0,N/A,N/A,NA,1919,NA,1992,700,1,1,2,3,3,0
Afghanistan,0,NA,1,A,1956,0,0,N/A,N/A,NA,1919,NA,1993,700,0,0,2,2,0,0
Afghanistan,0,NA,1,A,1956,0,0,N/A,N/A,NA,1919,NA,1997,700,1,1,1,1,1,0
Afghanistan,0,NA,1,A,1956,0,0,N/A,N/A,NA,1919,NA,1998,700,0,0,1,1,0,0
Afghanistan,0,NA,1,A,1956,0,0,N/A,N/A,NA,1919,NA,1999,700,0,0,1,1,0,0
Afghanistan,0,NA,1,A,1956,0,0,N/A,N/A,NA,1919,NA,2000,700,0,0,1,1,0,0
Afghanistan,0,NA,1,A,1956,0,0,N/A,N/A,NA,1919,NA,2001,700,1,0,1,2,1,0
Afghanistan,0,NA,1,A,1956,0,0,N/A,N/A,NA,1919,NA,2021,700,1,0,0,1,1,0
Afghanistan,0,NA,1,A,1956,0,0,N/A,N/A,NA,1919,NA,2022,700,0,0,0,1,0,0
Albania,0,NA,1,A,1955,0,1,1999,1,1944,1914,NA,NA,NA,NA,NA,NA,NA,NA,1
Algeria,0,NA,1,A,1963,1,N/A,N/A,1,NA,1962,NA,1962,615,1,0,0,1,1,1
Andorra,0,NA,1,A,2006,0,0,N/A,N/A,NA,1993,NA,NA,NA,NA,NA,NA,NA,NA,0
Antigua and Barbuda,0,NA,1,S,1988,0,0,N/A,N/A,NA,1981,NA,NA,NA,NA,NA,NA,NA,NA,0
Argentina,0,NA,1,A,1956,1,N/A,N/A,1,NA,1841,NA,1976,160,1,1,1,1,1,1
Argentina,0,NA,1,A,1956,1,N/A,N/A,1,NA,1841,NA,1977,160,0,0,1,1,0,1
Argentina,0,NA,1,A,1956,1,N/A,N/A,1,NA,1841,NA,1978,160,0,0,1,1,0,1
Argentina,0,NA,1,A,1956,1,N/A,N/A,1,NA,1841,NA,1979,160,0,0,1,1,0,1
Argentina,0,NA,1,A,1956,1,N/A,N/A,1,NA,1841,NA,1980,160,0,0,1,1,0,1
Argentina,0,NA,1,A,1956,1,N/A,N/A,1,NA,1841,NA,1981,160,0,0,1,1,0,1
Argentina,0,NA,1,A,1956,1,N/A,N/A,1,NA,1841,NA,1982,160,0,0,1,1,0,1
Argentina,0,NA,1,A,1956,1,N/A,N/A,1,NA,1841,NA,1983,160,0,0,1,1,0,1
Armenia,0,NA,1,A,1993,0,0,N/A,N/A,NA,1991,NA,NA,NA,NA,NA,NA,NA,NA,0
Australia,1,1948,1,R,1949,0,0,N/A,N/A,NA,1920,NA,NA,NA,NA,NA,NA,NA,NA,0
Austria,0,NA,1,A,1958,0,0,N/A,N/A,1955,1919,NA,NA,NA,NA,NA,NA,NA,NA,0
Azerbaijan,0,NA,1,A,1996,0,0,N/A,N/A,NA,1991,NA,1992,373,1,0,0,1,1,0
Bahamas,0,NA,1,S,1975,0,0,N/A,N/A,NA,1973,NA,NA,NA,NA,NA,NA,NA,NA,0
Bahrain,0,NA,1,A,1990,1,N/A,N/A,1,NA,1971,NA,NA,NA,NA,NA,NA,NA,NA,1
Bangladesh,0,NA,1,A,1998,1,N/A,N/A,1,NA,1971,NA,1980,771,1,1,1,1,1,1
Bangladesh,0,NA,1,A,1998,1,N/A,N/A,1,NA,1971,NA,1984,771,1,0,0,2,2,1
Bangladesh,0,NA,1,A,1998,1,N/A,N/A,1,NA,1971,NA,1986,771,1,0,0,2,2,1
Bangladesh,0,NA,1,A,1998,1,N/A,N/A,1,NA,1971,NA,1989,771,1,0,0,1,1,1
Bangladesh,0,NA,1,A,1998,1,N/A,N/A,1,NA,1971,NA,1990,771,0,0,0,1,0,1
Bangladesh,0,NA,1,A,1998,1,N/A,N/A,1,NA,1971,NA,1991,771,0,0,0,1,0,1
Bangladesh,0,NA,1,A,1998,1,N/A,N/A,1,NA,1971,NA,1992,771,1,0,0,2,1,1
Bangladesh,0,NA,1,A,1998,1,N/A,N/A,1,NA,1971,NA,2004,771,1,0,0,1,1,1
Barbados,0,NA,1,A,1980,0,0,N/A,N/A,NA,1966,NA,NA,NA,NA,NA,NA,NA,NA,0
Belarus,1,1949,1,R,1954,0,1,1989,1,1991,1816,NA,NA,NA,NA,NA,NA,NA,NA,1
Belgium,1,1949,1,R,1951,0,0,N/A,N/A,1945,1830,NA,NA,NA,NA,NA,NA,NA,NA,0
Belize,0,NA,1,A,1998,0,0,N/A,N/A,NA,1981,NA,NA,NA,NA,NA,NA,NA,NA,0
Benin,0,NA,1,A,2017,0,0,N/A,N/A,NA,1960,NA,NA,NA,NA,NA,NA,NA,NA,0
Bolivia,1,1948,1,R,2005,0,0,N/A,N/A,NA,1848,NA,NA,NA,NA,NA,NA,NA,NA,0
Bosnia-Herzogovina,0,NA,1,S,1992,0,0,N/A,N/A,1992,1878,NA,NA,NA,NA,NA,NA,NA,NA,0
Brazil,1,1948,1,R,1952,0,0,N/A,N/A,NA,1822,NA,NA,NA,NA,NA,NA,NA,NA,0
Bulgaria,0,NA,1,A,1950,0,0,N/A,N/A,NA,1908,NA,NA,NA,NA,NA,NA,NA,NA,0
Burkina Faso,0,NA,1,A,1965,0,0,N/A,N/A,NA,1960,NA,2022,439,1,0,0,1,1,0
Burundi,0,NA,1,A,1997,0,0,N/A,N/A,NA,1962,NA,1965,516,1,0,0,1,1,0
Burundi,0,NA,1,A,1997,0,0,N/A,N/A,NA,1962,NA,1972,516,1,1,1,2,2,0
Burundi,0,NA,1,A,1997,0,0,N/A,N/A,NA,1962,NA,1988,516,1,0,0,1,1,0
Burundi,0,NA,1,A,1997,0,0,N/A,N/A,NA,1962,NA,1993,516,1,1,1,2,2,0
Burundi,0,NA,1,A,1997,0,0,N/A,N/A,NA,1962,NA,1995,516,1,1,1,1,1,0
Burundi,0,NA,1,A,1997,0,0,N/A,N/A,NA,1962,NA,1996,516,0,0,1,1,0,0
Burundi,0,NA,1,A,1997,0,0,N/A,N/A,NA,1962,NA,1997,516,0,0,1,1,0,0
Burundi,0,NA,1,A,1997,0,0,N/A,N/A,NA,1962,NA,1998,516,0,0,1,1,0,0
Burundi,0,NA,1,A,1997,0,0,N/A,N/A,NA,1962,NA,1999,516,0,0,1,1,0,0
Burundi,0,NA,1,A,1997,0,0,N/A,N/A,NA,1962,NA,2000,516,0,0,1,1,0,0
Burundi,0,NA,1,A,1997,0,0,N/A,N/A,NA,1962,NA,2001,516,0,0,1,1,0,0
Burundi,0,NA,1,A,1997,0,0,N/A,N/A,NA,1962,NA,2002,516,0,0,1,1,0,0
Burundi,0,NA,1,A,1997,0,0,N/A,N/A,NA,1962,NA,2003,516,0,0,1,1,0,0
Burundi,0,NA,1,A,1997,0,0,N/A,N/A,NA,1962,NA,2004,516,0,0,1,1,0,0
Burundi,0,NA,1,A,1997,0,0,N/A,N/A,NA,1962,NA,2005,516,0,0,1,1,0,0
Cabo Verde,0,NA,1,A,2011,0,0,N/A,N/A,NA,1975,NA,NA,NA,NA,NA,NA,NA,NA,0
Cambodia,0,NA,1,A,1950,0,0,N/A,N/A,NA,1953,NA,1970,811,1,1,2,2,2,0
Cambodia,0,NA,1,A,1950,0,0,N/A,N/A,NA,1953,NA,1971,811,0,0,1,1,0,0
Cambodia,0,NA,1,A,1950,0,0,N/A,N/A,NA,1953,NA,1972,811,0,0,1,1,0,0
Cambodia,0,NA,1,A,1950,0,0,N/A,N/A,NA,1953,NA,1973,811,0,0,1,1,0,0
Cambodia,0,NA,1,A,1950,0,0,N/A,N/A,NA,1953,NA,1974,811,0,0,1,1,0,0
Cambodia,0,NA,1,A,1950,0,0,N/A,N/A,NA,1953,NA,1975,811,1,1,1,1,1,0
Cambodia,0,NA,1,A,1950,0,0,N/A,N/A,NA,1953,NA,1976,811,0,0,1,1,0,0
Cambodia,0,NA,1,A,1950,0,0,N/A,N/A,NA,1953,NA,1977,811,0,0,1,1,0,0
Cambodia,0,NA,1,A,1950,0,0,N/A,N/A,NA,1953,NA,1978,811,0,0,1,1,0,0
Canada,1,1949,1,R,1952,0,0,N/A,N/A,NA,1920,NA,NA,NA,NA,NA,NA,NA,NA,0
Chile,1,1948,1,R,1953,0,0,N/A,N/A,NA,1839,NA,1973,155,1,0,0,1,1,0
Chile,1,1948,1,R,1953,0,0,N/A,N/A,NA,1839,NA,1974,155,0,0,0,1,0,0
Chile,1,1948,1,R,1953,0,0,N/A,N/A,NA,1839,NA,1975,155,0,0,0,1,0,0
Chile,1,1948,1,R,1953,0,0,N/A,N/A,NA,1839,NA,1976,155,0,0,0,1,0,0
China,1,1949,1,R,1983,1,N/A,N/A,1,NA,1860,NA,1947,710,1,1,1,1,1,1
China,1,1949,1,R,1983,1,N/A,N/A,1,NA,1860,NA,1948,710,0,0,1,1,0,1
China,1,1949,1,R,1983,1,N/A,N/A,1,NA,1860,NA,1949,710,0,0,1,1,0,1
China,1,1949,1,R,1983,1,N/A,N/A,1,NA,1860,NA,1950,710,1,1,1,1,1,1
China,1,1949,1,R,1983,1,N/A,N/A,1,NA,1860,NA,1951,710,0,0,1,1,0,1
China,1,1949,1,R,1983,1,N/A,N/A,1,NA,1860,NA,1952,710,0,0,1,1,0,1
China,1,1949,1,R,1983,1,N/A,N/A,1,NA,1860,NA,1958,710,1,1,1,1,1,1
China,1,1949,1,R,1983,1,N/A,N/A,1,NA,1860,NA,1959,710,0,0,2,2,0,1
China,1,1949,1,R,1983,1,N/A,N/A,1,NA,1860,NA,1961,710,1,1,1,1,1,1
China,1,1949,1,R,1983,1,N/A,N/A,1,NA,1860,NA,1962,710,0,0,1,1,0,1
China,1,1949,1,R,1983,1,N/A,N/A,1,NA,1860,NA,1966,710,1,1,1,1,1,1
China,1,1949,1,R,1983,1,N/A,N/A,1,NA,1860,NA,1967,710,0,0,1,1,0,1
China,1,1949,1,R,1983,1,N/A,N/A,1,NA,1860,NA,1968,710,0,0,1,1,0,1
China,1,1949,1,R,1983,1,N/A,N/A,1,NA,1860,NA,1969,710,0,0,1,1,0,1
China,1,1949,1,R,1983,1,N/A,N/A,1,NA,1860,NA,1970,710,0,0,1,1,0,1
China,1,1949,1,R,1983,1,N/A,N/A,1,NA,1860,NA,1971,710,0,0,1,1,0,1
China,1,1949,1,R,1983,1,N/A,N/A,1,NA,1860,NA,1972,710,0,0,1,1,0,1
China,1,1949,1,R,1983,1,N/A,N/A,1,NA,1860,NA,1973,710,0,0,1,1,0,1
China,1,1949,1,R,1983,1,N/A,N/A,1,NA,1860,NA,1974,710,0,0,1,1,0,1
China,1,1949,1,R,1983,1,N/A,N/A,1,NA,1860,NA,1975,710,0,0,1,1,0,1
China,1,1949,1,R,1983,1,N/A,N/A,1,NA,1860,NA,1976,710,0,0,1,1,0,1
Colombia,1,1949,1,R,1959,0,0,N/A,N/A,NA,1831,NA,1948,100,1,0,0,1,1,0
Colombia,1,1949,1,R,1959,0,0,N/A,N/A,NA,1831,NA,1949,100,0,0,0,1,0,0
Colombia,1,1949,1,R,1959,0,0,N/A,N/A,NA,1831,NA,1950,100,0,0,0,1,0,0
Colombia,1,1949,1,R,1959,0,0,N/A,N/A,NA,1831,NA,1951,100,0,0,0,1,0,0
Colombia,1,1949,1,R,1959,0,0,N/A,N/A,NA,1831,NA,1952,100,0,0,0,1,0,0
Colombia,1,1949,1,R,1959,0,0,N/A,N/A,NA,1831,NA,1953,100,0,0,0,1,0,0
Colombia,1,1949,1,R,1959,0,0,N/A,N/A,NA,1831,NA,1954,100,0,0,0,1,0,0
Colombia,1,1949,1,R,1959,0,0,N/A,N/A,NA,1831,NA,1955,100,0,0,0,1,0,0
Colombia,1,1949,1,R,1959,0,0,N/A,N/A,NA,1831,NA,1956,100,0,0,0,1,0,0
Colombia,1,1949,1,R,1959,0,0,N/A,N/A,NA,1831,NA,1957,100,0,0,0,1,0,0
Colombia,1,1949,1,R,1959,0,0,N/A,N/A,NA,1831,NA,1997,100,1,1,1,1,1,0
Colombia,1,1949,1,R,1959,0,0,N/A,N/A,NA,1831,NA,1998,100,0,0,1,1,0,0
Colombia,1,1949,1,R,1959,0,0,N/A,N/A,NA,1831,NA,1999,100,0,0,1,1,0,0
Colombia,1,1949,1,R,1959,0,0,N/A,N/A,NA,1831,NA,2000,100,0,0,1,1,0,0
Colombia,1,1949,1,R,1959,0,0,N/A,N/A,NA,1831,NA,2001,100,0,0,1,1,0,0
Colombia,1,1949,1,R,1959,0,0,N/A,N/A,NA,1831,NA,2002,100,0,0,1,1,0,0
Colombia,1,1949,1,R,1959,0,0,N/A,N/A,NA,1831,NA,2004,100,1,0,0,1,1,0
Colombia,1,1949,1,R,1959,0,0,N/A,N/A,NA,1831,NA,2005,100,0,0,0,1,0,0
Comoros,0,NA,1,A,2004,0,0,N/A,N/A,NA,1975,NA,NA,NA,NA,NA,NA,NA,NA,0
Costa Rica,0,NA,1,A,1950,0,0,N/A,N/A,NA,1920,NA,NA,NA,NA,NA,NA,NA,NA,0
Croatia,0,NA,1,S,1992,0,0,N/A,N/A,1992,1878,NA,1995,344,1,0,0,1,1,0
Cuba,1,1949,1,R,1953,0,0,N/A,N/A,1909,1902,NA,NA,NA,NA,NA,NA,NA,NA,0
Cyprus,0,NA,1,A,1982,0,0,N/A,N/A,NA,1960,NA,1974,352,1,0,0,1,1,0
Czech Republic,0,NA,1,S,1993,0,1,1991,1,1993,1918,NA,NA,NA,NA,NA,NA,NA,NA,1
Denmark,1,1949,1,R,1951,0,0,N/A,N/A,NA,1816,NA,NA,NA,NA,NA,NA,NA,NA,0
Dominica,0,NA,1,A,2019,0,0,N/A,N/A,NA,1978,NA,NA,NA,NA,NA,NA,NA,NA,0
Dominican Republic,1,1948,0,N/A,N/A,N/A,N/A,N/A,N/A,1924,1894,NA,NA,NA,NA,NA,NA,NA,NA,NA
DR Congo,0,NA,1,S,1962,0,0,N/A,N/A,NA,1960,NA,1960,490,1,1,1,3,3,0
DR Congo,0,NA,1,S,1962,0,0,N/A,N/A,NA,1960,NA,1964,490,1,1,2,2,2,0
DR Congo,0,NA,1,S,1962,0,0,N/A,N/A,NA,1960,NA,1965,490,0,0,2,2,0,0
DR Congo,0,NA,1,S,1962,0,0,N/A,N/A,NA,1960,NA,1966,490,0,0,1,1,0,0
DR Congo,0,NA,1,S,1962,0,0,N/A,N/A,NA,1960,NA,1967,490,0,0,1,1,0,0
DR Congo,0,NA,1,S,1962,0,0,N/A,N/A,NA,1960,NA,1968,490,0,0,1,1,0,0
DR Congo,0,NA,1,S,1962,0,0,N/A,N/A,NA,1960,NA,1996,490,1,1,1,4,4,0
DR Congo,0,NA,1,S,1962,0,0,N/A,N/A,NA,1960,NA,1997,490,0,0,1,2,0,0
DR Congo,0,NA,1,S,1962,0,0,N/A,N/A,NA,1960,NA,2002,490,1,1,3,3,3,0
DR Congo,0,NA,1,S,1962,0,0,N/A,N/A,NA,1960,NA,2003,490,0,0,2,2,0,0
DR Congo,0,NA,1,S,1962,0,0,N/A,N/A,NA,1960,NA,2004,490,0,0,1,1,0,0
DR Congo,0,NA,1,S,1962,0,0,N/A,N/A,NA,1960,NA,2005,490,0,0,1,1,0,0
DR Congo,0,NA,1,S,1962,0,0,N/A,N/A,NA,1960,NA,2009,490,1,0,0,1,1,0
DR Congo,0,NA,1,S,1962,0,0,N/A,N/A,NA,1960,NA,2016,490,1,0,0,1,1,0
DR Congo,0,NA,1,S,1962,0,0,N/A,N/A,NA,1960,NA,2017,490,1,0,0,2,1,0
Ecuador,1,1948,1,R,1949,0,0,N/A,N/A,NA,1854,NA,NA,NA,NA,NA,NA,NA,NA,0
Egypt,1,1948,1,R,1952,0,0,N/A,N/A,NA,1855,NA,2013,651,1,0,0,1,1,0
El Salvador,1,1949,1,R,1950,0,0,N/A,N/A,NA,1875,NA,1980,92,1,1,1,1,1,0
El Salvador,1,1949,1,R,1950,0,0,N/A,N/A,NA,1875,NA,1981,92,0,0,1,1,0,0
El Salvador,1,1949,1,R,1950,0,0,N/A,N/A,NA,1875,NA,1982,92,0,0,1,1,0,0
El Salvador,1,1949,1,R,1950,0,0,N/A,N/A,NA,1875,NA,1983,92,0,0,1,1,0,0
El Salvador,1,1949,1,R,1950,0,0,N/A,N/A,NA,1875,NA,1984,92,0,0,1,1,0,0
El Salvador,1,1949,1,R,1950,0,0,N/A,N/A,NA,1875,NA,1985,92,0,0,1,1,0,0
El Salvador,1,1949,1,R,1950,0,0,N/A,N/A,NA,1875,NA,1989,92,1,0,0,1,1,0
Estonia,0,NA,1,A,1991,0,0,N/A,N/A,1991,1918,NA,NA,NA,NA,NA,NA,NA,NA,0
Ethiopia,1,1948,1,R,1949,0,0,N/A,N/A,1898,1941,NA,1967,530,1,0,0,1,1,0
Ethiopia,1,1948,1,R,1949,0,0,N/A,N/A,1898,1941,NA,1970,530,1,0,0,1,1,0
Ethiopia,1,1948,1,R,1949,0,0,N/A,N/A,1898,1941,NA,1971,530,0,0,0,1,0,0
Ethiopia,1,1948,1,R,1949,0,0,N/A,N/A,1898,1941,NA,1976,530,1,1,1,1,1,0
Ethiopia,1,1948,1,R,1949,0,0,N/A,N/A,1898,1941,NA,1977,530,0,0,1,1,0,0
Ethiopia,1,1948,1,R,1949,0,0,N/A,N/A,1898,1941,NA,1978,530,0,0,1,1,0,0
Ethiopia,1,1948,1,R,1949,0,0,N/A,N/A,1898,1941,NA,1988,530,1,0,0,1,1,0
Ethiopia,1,1948,1,R,1949,0,0,N/A,N/A,1898,1941,NA,1989,530,0,0,0,1,0,0
Ethiopia,1,1948,1,R,1949,0,0,N/A,N/A,1898,1941,NA,2012,530,1,0,0,1,1,0
Ethiopia,1,1948,1,R,1949,0,0,N/A,N/A,1898,1941,NA,2015,530,1,0,0,1,1,0
Ethiopia,1,1948,1,R,1949,0,0,N/A,N/A,1898,1941,NA,2016,530,0,0,0,1,0,0
Ethiopia,1,1948,1,R,1949,0,0,N/A,N/A,1898,1941,NA,2017,530,0,0,0,1,0,0
Ethiopia,1,1948,1,R,1949,0,0,N/A,N/A,1898,1941,NA,2020,530,1,0,0,2,2,0
Ethiopia,1,1948,1,R,1949,0,0,N/A,N/A,1898,1941,NA,2021,530,1,1,1,2,2,0
Ethiopia,1,1948,1,R,1949,0,0,N/A,N/A,1898,1941,NA,2022,530,1,0,1,4,4,0
Fiji,0,NA,1,S,1973,0,0,N/A,N/A,NA,1970,NA,NA,NA,NA,NA,NA,NA,NA,0
Finland,0,NA,1,A,1959,0,1,1998,1,NA,1917,NA,NA,NA,NA,NA,NA,NA,NA,1
France,1,1948,1,R,1950,0,0,N/A,N/A,NA,1816,NA,NA,NA,NA,NA,NA,NA,NA,0
Gabon,0,NA,1,A,1983,0,0,N/A,N/A,NA,1960,NA,NA,NA,NA,NA,NA,NA,NA,0
Gambia,0,NA,1,A,1978,0,0,N/A,N/A,NA,1965,NA,NA,NA,NA,NA,NA,NA,NA,0
Georgia,0,NA,1,A,1993,0,0,N/A,N/A,NA,1991,NA,NA,NA,NA,NA,NA,NA,NA,0
Germany,0,NA,1,A,1954,0,0,N/A,N/A,"1954, 1955, 1990",1816,NA,NA,NA,NA,NA,NA,NA,NA,0
Ghana,0,NA,1,A,1958,0,0,N/A,N/A,NA,1957,NA,NA,NA,NA,NA,NA,NA,NA,0
Greece,1,1949,1,R,1954,0,0,N/A,N/A,1944,1828,NA,NA,NA,NA,NA,NA,NA,NA,0
Guatemala,1,1949,1,R,1950,0,0,N/A,N/A,NA,1868,NA,1978,90,1,0,0,1,1,0
Guatemala,1,1949,1,R,1950,0,0,N/A,N/A,NA,1868,NA,1981,90,1,1,1,1,1,0
Guatemala,1,1949,1,R,1950,0,0,N/A,N/A,NA,1868,NA,1982,90,0,0,1,1,0,0
Guatemala,1,1949,1,R,1950,0,0,N/A,N/A,NA,1868,NA,1983,90,0,0,1,1,0,0
Guinea,0,NA,1,A,2000,0,0,N/A,N/A,NA,1958,NA,NA,NA,NA,NA,NA,NA,NA,0
Guinea-Bissau,0,NA,1,A,2013,0,0,N/A,N/A,NA,1974,NA,NA,NA,NA,NA,NA,NA,NA,0
Haiti,1,1948,1,R,1950,0,0,N/A,N/A,1934,1859,NA,1957,41,1,1,1,1,1,0
Haiti,1,1948,1,R,1950,0,0,N/A,N/A,1934,1859,NA,1958,41,0,0,1,1,0,0
Haiti,1,1948,1,R,1950,0,0,N/A,N/A,1934,1859,NA,1959,41,0,0,1,1,0,0
Haiti,1,1948,1,R,1950,0,0,N/A,N/A,1934,1859,NA,1960,41,0,0,1,1,0,0
Haiti,1,1948,1,R,1950,0,0,N/A,N/A,1934,1859,NA,1961,41,0,0,1,1,0,0
Haiti,1,1948,1,R,1950,0,0,N/A,N/A,1934,1859,NA,1962,41,0,0,1,1,0,0
Haiti,1,1948,1,R,1950,0,0,N/A,N/A,1934,1859,NA,1963,41,0,0,1,1,0,0
Haiti,1,1948,1,R,1950,0,0,N/A,N/A,1934,1859,NA,1964,41,0,0,1,1,0,0
Haiti,1,1948,1,R,1950,0,0,N/A,N/A,1934,1859,NA,1965,41,0,0,1,1,0,0
Haiti,1,1948,1,R,1950,0,0,N/A,N/A,1934,1859,NA,1966,41,0,0,1,1,0,0
Haiti,1,1948,1,R,1950,0,0,N/A,N/A,1934,1859,NA,1967,41,0,0,1,1,0,0
Haiti,1,1948,1,R,1950,0,0,N/A,N/A,1934,1859,NA,1968,41,0,0,1,1,0,0
Haiti,1,1948,1,R,1950,0,0,N/A,N/A,1934,1859,NA,1969,41,0,0,1,1,0,0
Haiti,1,1948,1,R,1950,0,0,N/A,N/A,1934,1859,NA,1970,41,0,0,1,1,0,0
Haiti,1,1948,1,R,1950,0,0,N/A,N/A,1934,1859,NA,1971,41,0,0,1,1,0,0
Honduras,1,1949,1,R,1952,0,0,N/A,N/A,NA,1899,NA,NA,NA,NA,NA,NA,NA,NA,0
Hungary,0,NA,1,A,1952,0,1,1989,1,NA,1918,NA,NA,NA,NA,NA,NA,NA,NA,1
Iceland,1,1949,1,R,1949,0,0,N/A,N/A,NA,1944,NA,NA,NA,NA,NA,NA,NA,NA,0
India,1,1949,1,R,1959,1,N/A,N/A,1,NA,1947,NA,1946,750,1,1,3,3,3,1
India,1,1949,1,R,1959,1,N/A,N/A,1,NA,1947,NA,1947,750,1,1,1,1,1,1
India,1,1949,1,R,1959,1,N/A,N/A,1,NA,1947,NA,1961,750,1,0,0,1,1,1
India,1,1949,1,R,1959,1,N/A,N/A,1,NA,1947,NA,1964,750,1,0,0,1,1,1
India,1,1949,1,R,1959,1,N/A,N/A,1,NA,1947,NA,1967,750,1,0,0,1,1,1
India,1,1949,1,R,1959,1,N/A,N/A,1,NA,1947,NA,1969,750,1,1,1,1,1,1
India,1,1949,1,R,1959,1,N/A,N/A,1,NA,1947,NA,1970,750,1,0,0,1,1,1
India,1,1949,1,R,1959,1,N/A,N/A,1,NA,1947,NA,1979,750,1,0,0,1,1,1
India,1,1949,1,R,1959,1,N/A,N/A,1,NA,1947,NA,1981,750,1,0,0,1,1,1
India,1,1949,1,R,1959,1,N/A,N/A,1,NA,1947,NA,1982,750,1,0,0,1,1,1
India,1,1949,1,R,1959,1,N/A,N/A,1,NA,1947,NA,1984,750,1,1,1,2,2,1
India,1,1949,1,R,1959,1,N/A,N/A,1,NA,1947,NA,1985,750,1,0,0,1,1,1
India,1,1949,1,R,1959,1,N/A,N/A,1,NA,1947,NA,1987,750,1,0,0,1,1,1
India,1,1949,1,R,1959,1,N/A,N/A,1,NA,1947,NA,1989,750,1,0,0,1,1,1
India,1,1949,1,R,1959,1,N/A,N/A,1,NA,1947,NA,1990,750,0,0,0,1,0,1
India,1,1949,1,R,1959,1,N/A,N/A,1,NA,1947,NA,1991,750,0,0,0,1,0,1
India,1,1949,1,R,1959,1,N/A,N/A,1,NA,1947,NA,1992,750,0,0,0,1,0,1
India,1,1949,1,R,1959,1,N/A,N/A,1,NA,1947,NA,1993,750,1,0,0,2,1,1
India,1,1949,1,R,1959,1,N/A,N/A,1,NA,1947,NA,1994,750,0,0,0,1,0,1
India,1,1949,1,R,1959,1,N/A,N/A,1,NA,1947,NA,1996,750,1,0,0,2,2,1
India,1,1949,1,R,1959,1,N/A,N/A,1,NA,1947,NA,1997,750,1,0,0,2,2,1
India,1,1949,1,R,1959,1,N/A,N/A,1,NA,1947,NA,1998,750,1,0,0,2,1,1
India,1,1949,1,R,1959,1,N/A,N/A,1,NA,1947,NA,1999,750,1,0,0,2,1,1
India,1,1949,1,R,1959,1,N/A,N/A,1,NA,1947,NA,2000,750,0,0,0,2,0,1
Iran,1,1949,1,R,1956,0,0,N/A,N/A,NA,1855,NA,1979,630,1,1,1,1,1,0
Iran,1,1949,1,R,1956,0,0,N/A,N/A,NA,1855,NA,1980,630,0,0,1,1,0,0
Iran,1,1949,1,R,1956,0,0,N/A,N/A,NA,1855,NA,1981,630,0,0,1,1,0,0
Iran,1,1949,1,R,1956,0,0,N/A,N/A,NA,1855,NA,1982,630,0,0,1,1,0,0
Iran,1,1949,1,R,1956,0,0,N/A,N/A,NA,1855,NA,1983,630,0,0,1,1,0,0
Iran,1,1949,1,R,1956,0,0,N/A,N/A,NA,1855,NA,1984,630,0,0,1,1,0,0
Iran,1,1949,1,R,1956,0,0,N/A,N/A,NA,1855,NA,1985,630,0,0,1,1,0,0
Iran,1,1949,1,R,1956,0,0,N/A,N/A,NA,1855,NA,1988,630,1,1,1,1,1,0
Iraq,0,NA,1,A,1959,0,0,N/A,N/A,NA,1932,NA,1983,645,1,1,1,1,1,0
Iraq,0,NA,1,A,1959,0,0,N/A,N/A,NA,1932,NA,1987,645,1,1,1,1,1,0
Iraq,0,NA,1,A,1959,0,0,N/A,N/A,NA,1932,NA,1988,645,0,0,1,1,0,0
Iraq,0,NA,1,A,1959,0,0,N/A,N/A,NA,1932,NA,1991,645,1,0,0,1,1,0
Iraq,0,NA,1,A,1959,0,0,N/A,N/A,NA,1932,NA,2014,645,1,1,1,1,1,0
Iraq,0,NA,1,A,1959,0,0,N/A,N/A,NA,1932,NA,2015,645,0,0,1,1,0,0
Ireland,0,NA,1,A,1976,0,0,N/A,N/A,NA,1922,NA,NA,NA,NA,NA,NA,NA,NA,0
Israel,1,1949,1,R,1950,0,0,N/A,N/A,NA,1948,NA,1994,666,1,0,0,1,1,0
Israel,1,1949,1,R,1950,0,0,N/A,N/A,NA,1948,NA,1996,666,1,0,0,1,1,0
Israel,1,1949,1,R,1950,0,0,N/A,N/A,NA,1948,NA,2001,666,1,0,0,1,1,0
Israel,1,1949,1,R,1950,0,0,N/A,N/A,NA,1948,NA,2002,666,0,0,0,1,0,0
Israel,1,1949,1,R,1950,0,0,N/A,N/A,NA,1948,NA,2003,666,0,0,0,1,0,0
Israel,1,1949,1,R,1950,0,0,N/A,N/A,NA,1948,NA,2004,666,0,0,0,1,0,0
Italy,0,NA,1,A,1952,0,0,N/A,N/A,NA,1816,NA,NA,NA,NA,NA,NA,NA,NA,0
Ivory Coast,0,NA,1,A,1995,0,0,N/A,N/A,NA,1960,NA,2004,437,1,0,0,1,1,0
Ivory Coast,0,NA,1,A,1995,0,0,N/A,N/A,NA,1960,NA,2010,437,1,0,0,1,1,0
Ivory Coast,0,NA,1,A,1995,0,0,N/A,N/A,NA,1960,NA,2011,437,1,0,0,3,2,0
Jamaica,0,NA,1,A,1968,0,0,N/A,N/A,NA,1962,NA,NA,NA,NA,NA,NA,NA,NA,0
Jordan,0,NA,1,A,1950,0,0,N/A,N/A,NA,1946,NA,NA,NA,NA,NA,NA,NA,NA,0
Kazakhstan,0,NA,1,A,1998,0,0,N/A,N/A,NA,1991,NA,NA,NA,NA,NA,NA,NA,NA,0
Kuwait,0,NA,1,A,1995,0,0,N/A,N/A,NA,1961,NA,NA,NA,NA,NA,NA,NA,NA,0
Kyrgyzstan,0,NA,1,A,1997,0,0,N/A,N/A,NA,1991,NA,NA,NA,NA,NA,NA,NA,NA,0
Laos,0,NA,1,A,1950,0,0,N/A,N/A,NA,1953,NA,1975,812,1,1,1,1,1,0
Laos,0,NA,1,A,1950,0,0,N/A,N/A,NA,1953,NA,1976,812,0,0,1,1,0,0
Laos,0,NA,1,A,1950,0,0,N/A,N/A,NA,1953,NA,1977,812,0,0,1,1,0,0
Laos,0,NA,1,A,1950,0,0,N/A,N/A,NA,1953,NA,1978,812,0,0,1,1,0,0
Laos,0,NA,1,A,1950,0,0,N/A,N/A,NA,1953,NA,1979,812,0,0,1,1,0,0
Laos,0,NA,1,A,1950,0,0,N/A,N/A,NA,1953,NA,1980,812,0,0,1,1,0,0
Latvia,0,NA,1,A,1992,0,0,N/A,N/A,1991,1918,NA,NA,NA,NA,NA,NA,NA,NA,0
Lebanon,1,1949,1,R,1953,0,0,N/A,N/A,NA,1946,NA,1975,660,1,1,1,1,1,0
Lebanon,1,1949,1,R,1953,0,0,N/A,N/A,NA,1946,NA,1976,660,1,0,1,2,1,0
Lebanon,1,1949,1,R,1953,0,0,N/A,N/A,NA,1946,NA,1977,660,1,0,0,1,1,0
Lebanon,1,1949,1,R,1953,0,0,N/A,N/A,NA,1946,NA,1982,660,1,1,1,1,1,0
Lebanon,1,1949,1,R,1953,0,0,N/A,N/A,NA,1946,NA,1983,660,1,1,1,2,2,0
Lebanon,1,1949,1,R,1953,0,0,N/A,N/A,NA,1946,NA,1985,660,1,1,1,1,1,0
Lebanon,1,1949,1,R,1953,0,0,N/A,N/A,NA,1946,NA,1986,660,0,0,1,1,0,0
Lebanon,1,1949,1,R,1953,0,0,N/A,N/A,NA,1946,NA,1987,660,0,0,1,1,0,0
Lesotho,0,NA,1,A,1974,0,0,N/A,N/A,NA,1966,NA,NA,NA,NA,NA,NA,NA,NA,0
Liberia,1,1948,1,R,1950,0,0,N/A,N/A,NA,1920,NA,1990,450,1,0,0,2,2,0
Liberia,1,1948,1,R,1950,0,0,N/A,N/A,NA,1920,NA,1991,450,0,0,0,1,0,0
Liberia,1,1948,1,R,1950,0,0,N/A,N/A,NA,1920,NA,1992,450,0,0,0,1,0,0
Liberia,1,1948,1,R,1950,0,0,N/A,N/A,NA,1920,NA,1993,450,1,1,1,2,1,0
Liberia,1,1948,1,R,1950,0,0,N/A,N/A,NA,1920,NA,1994,450,0,0,1,2,0,0
Liberia,1,1948,1,R,1950,0,0,N/A,N/A,NA,1920,NA,1995,450,0,0,1,1,0,0
Libya,0,NA,1,A,1989,0,0,N/A,N/A,NA,1951,NA,2011,620,1,0,0,1,1,0
Liechtenstein,0,NA,1,A,1994,0,0,N/A,N/A,NA,1990,NA,NA,NA,NA,NA,NA,NA,NA,0
Lithuania,0,NA,1,A,1996,0,0,N/A,N/A,1991,1918,NA,NA,NA,NA,NA,NA,NA,NA,0
Luxembourg,0,NA,1,A,1981,0,0,N/A,N/A,1944,1920,NA,NA,NA,NA,NA,NA,NA,NA,0
Malawi,0,NA,1,A,2017,0,0,N/A,N/A,NA,1964,NA,NA,NA,NA,NA,NA,NA,NA,0
Malaysia,0,NA,1,A,1994,1,N/A,N/A,1,NA,1957,NA,NA,NA,NA,NA,NA,NA,NA,1
Maldives,0,NA,1,A,1984,0,0,N/A,N/A,NA,1965,NA,NA,NA,NA,NA,NA,NA,NA,0
Mali,0,NA,1,A,1974,0,0,N/A,N/A,NA,1960,NA,1991,432,1,0,0,1,1,0
Mali,0,NA,1,A,1974,0,0,N/A,N/A,NA,1960,NA,2018,432,1,0,0,1,1,0
Mali,0,NA,1,A,1974,0,0,N/A,N/A,NA,1960,NA,2019,432,0,0,0,1,0,0
Mali,0,NA,1,A,1974,0,0,N/A,N/A,NA,1960,NA,2020,432,0,0,0,1,0,0
Mali,0,NA,1,A,1974,0,0,N/A,N/A,NA,1960,NA,2022,432,1,0,0,1,1,0
Malta,0,NA,1,A,2014,0,0,N/A,N/A,NA,1964,NA,NA,NA,NA,NA,NA,NA,NA,0
Mauritius,0,NA,1,A,2019,0,0,N/A,N/A,NA,1968,NA,NA,NA,NA,NA,NA,NA,NA,0
Mexico,1,1948,1,R,1952,0,0,N/A,N/A,NA,1831,NA,1997,70,1,0,0,1,1,0
Monaco,0,NA,1,A,1950,0,0,N/A,N/A,NA,1993,NA,NA,NA,NA,NA,NA,NA,NA,0
Mongolia,0,NA,1,A,1967,0,1,1990,1,NA,1921,NA,NA,NA,NA,NA,NA,NA,NA,1
Montenegro,0,NA,1,S,2006,1,N/A,N/A,1,NA,2006,NA,NA,NA,NA,NA,NA,NA,NA,1
Morocco,0,NA,1,A,1958,1,N/A,N/A,1,NA,1847,NA,NA,NA,NA,NA,NA,NA,NA,1
Mozambique,0,NA,1,A,1983,0,0,N/A,N/A,NA,1975,NA,NA,NA,NA,NA,NA,NA,NA,0
Myanmar,1,1949,1,R,1956,0,0,N/A,N/A,NA,1948,Article VI reservation,1948,775,1,0,0,1,1,0
Myanmar,1,1949,1,R,1956,0,0,N/A,N/A,NA,1948,Article VI reservation,1962,775,1,1,1,1,1,0
Myanmar,1,1949,1,R,1956,0,0,N/A,N/A,NA,1948,Article VI reservation,1963,775,0,0,1,1,0,0
Myanmar,1,1949,1,R,1956,0,0,N/A,N/A,NA,1948,Article VI reservation,1964,775,0,0,1,1,0,0
Myanmar,1,1949,1,R,1956,0,0,N/A,N/A,NA,1948,Article VI reservation,1965,775,0,0,1,1,0,0
Myanmar,1,1949,1,R,1956,0,0,N/A,N/A,NA,1948,Article VI reservation,1966,775,0,0,1,1,0,0
Myanmar,1,1949,1,R,1956,0,0,N/A,N/A,NA,1948,Article VI reservation,1967,775,1,0,1,2,1,0
Myanmar,1,1949,1,R,1956,0,0,N/A,N/A,NA,1948,Article VI reservation,1968,775,0,0,1,1,0,0
Myanmar,1,1949,1,R,1956,0,0,N/A,N/A,NA,1948,Article VI reservation,1969,775,0,0,1,1,0,0
Myanmar,1,1949,1,R,1956,0,0,N/A,N/A,NA,1948,Article VI reservation,1970,775,0,0,1,1,0,0
Myanmar,1,1949,1,R,1956,0,0,N/A,N/A,NA,1948,Article VI reservation,1971,775,0,0,1,1,0,0
Myanmar,1,1949,1,R,1956,0,0,N/A,N/A,NA,1948,Article VI reservation,1972,775,0,0,1,1,0,0
Myanmar,1,1949,1,R,1956,0,0,N/A,N/A,NA,1948,Article VI reservation,1973,775,0,0,1,1,0,0
Myanmar,1,1949,1,R,1956,0,0,N/A,N/A,NA,1948,Article VI reservation,1974,775,0,0,1,1,0,0
Myanmar,1,1949,1,R,1956,0,0,N/A,N/A,NA,1948,Article VI reservation,1975,775,0,0,1,1,0,0
Myanmar,1,1949,1,R,1956,0,0,N/A,N/A,NA,1948,Article VI reservation,1976,775,0,0,1,1,0,0
Myanmar,1,1949,1,R,1956,0,0,N/A,N/A,NA,1948,Article VI reservation,1977,775,0,0,1,1,0,0
Myanmar,1,1949,1,R,1956,0,0,N/A,N/A,NA,1948,Article VI reservation,1978,775,0,0,1,1,0,0
Myanmar,1,1949,1,R,1956,0,0,N/A,N/A,NA,1948,Article VI reservation,1979,775,0,0,1,1,0,0
Myanmar,1,1949,1,R,1956,0,0,N/A,N/A,NA,1948,Article VI reservation,1980,775,0,0,1,1,0,0
Myanmar,1,1949,1,R,1956,0,0,N/A,N/A,NA,1948,Article VI reservation,1981,775,0,0,1,1,0,0
Myanmar,1,1949,1,R,1956,0,0,N/A,N/A,NA,1948,Article VI reservation,1982,775,0,0,1,1,0,0
Myanmar,1,1949,1,R,1956,0,0,N/A,N/A,NA,1948,Article VI reservation,1983,775,0,0,1,1,0,0
Myanmar,1,1949,1,R,1956,0,0,N/A,N/A,NA,1948,Article VI reservation,1984,775,0,0,1,1,0,0
Myanmar,1,1949,1,R,1956,0,0,N/A,N/A,NA,1948,Article VI reservation,1985,775,0,0,1,1,0,0
Myanmar,1,1949,1,R,1956,0,0,N/A,N/A,NA,1948,Article VI reservation,1986,775,0,0,1,1,0,0
Myanmar,1,1949,1,R,1956,0,0,N/A,N/A,NA,1948,Article VI reservation,1987,775,0,0,1,1,0,0
Myanmar,1,1949,1,R,1956,0,0,N/A,N/A,NA,1948,Article VI reservation,1988,775,0,0,1,1,0,0
Myanmar,1,1949,1,R,1956,0,0,N/A,N/A,NA,1948,Article VI reservation,1989,775,0,0,1,1,0,0
Myanmar,1,1949,1,R,1956,0,0,N/A,N/A,NA,1948,Article VI reservation,1990,775,0,0,1,1,0,0
Myanmar,1,1949,1,R,1956,0,0,N/A,N/A,NA,1948,Article VI reservation,1991,775,0,0,1,1,0,0
Myanmar,1,1949,1,R,1956,0,0,N/A,N/A,NA,1948,Article VI reservation,1992,775,0,0,0,1,0,0
Myanmar,1,1949,1,R,1956,0,0,N/A,N/A,NA,1948,Article VI reservation,2012,775,1,0,0,1,1,0
Myanmar,1,1949,1,R,1956,0,0,N/A,N/A,NA,1948,Article VI reservation,2017,775,1,1,1,1,1,0
Myanmar,1,1949,1,R,1956,0,0,N/A,N/A,NA,1948,Article VI reservation,2021,775,1,0,0,1,1,0
Myanmar,1,1949,1,R,1956,0,0,N/A,N/A,NA,1948,Article VI reservation,2022,775,0,0,0,1,0,0
Namibia,0,NA,1,A,1994,0,0,N/A,N/A,NA,1990,NA,NA,NA,NA,NA,NA,NA,NA,0
Nepal,0,NA,1,A,1969,0,0,N/A,N/A,NA,1920,NA,NA,NA,NA,NA,NA,NA,NA,0
Netherlands (Kingdom of the),0,NA,1,A,1966,0,0,N/A,N/A,NA,1816,NA,NA,NA,NA,NA,NA,NA,NA,0
New Zealand,1,1949,1,R,1978,0,0,N/A,N/A,NA,1920,NA,NA,NA,NA,NA,NA,NA,NA,0
Nicaragua,0,NA,1,A,1952,0,0,N/A,N/A,NA,1900,NA,NA,NA,NA,NA,NA,NA,NA,0
Nigeria,0,NA,1,A,2009,0,0,N/A,N/A,NA,1960,NA,1967,475,1,1,1,1,1,0
Nigeria,0,NA,1,A,2009,0,0,N/A,N/A,NA,1960,NA,1968,475,0,0,1,1,0,0
Nigeria,0,NA,1,A,2009,0,0,N/A,N/A,NA,1960,NA,1969,475,0,0,1,1,0,0
Nigeria,0,NA,1,A,2009,0,0,N/A,N/A,NA,1960,NA,1970,475,0,0,1,1,0,0
Nigeria,0,NA,1,A,2009,0,0,N/A,N/A,NA,1960,NA,2001,475,1,0,0,1,1,0
Nigeria,0,NA,1,A,2009,0,0,N/A,N/A,NA,1960,NA,2012,475,1,1,1,1,1,0
Nigeria,0,NA,1,A,2009,0,0,N/A,N/A,NA,1960,NA,2013,475,0,0,1,1,0,0
Nigeria,0,NA,1,A,2009,0,0,N/A,N/A,NA,1960,NA,2014,475,0,0,1,1,0,0
Nigeria,0,NA,1,A,2009,0,0,N/A,N/A,NA,1960,NA,2015,475,0,0,1,1,0,0
Nigeria,0,NA,1,A,2009,0,0,N/A,N/A,NA,1960,NA,2018,475,1,1,1,1,1,0
Nigeria,0,NA,1,A,2009,0,0,N/A,N/A,NA,1960,NA,2019,475,0,0,1,1,0,0
Nigeria,0,NA,1,A,2009,0,0,N/A,N/A,NA,1960,NA,2020,475,0,0,1,1,0,0
North Korea,0,NA,1,A,1989,0,0,N/A,N/A,1948,1887,NA,1950,731,1,1,1,1,1,0
North Korea,0,NA,1,A,1989,0,0,N/A,N/A,1948,1887,NA,1951,731,0,0,1,1,0,0
North Korea,0,NA,1,A,1989,0,0,N/A,N/A,1948,1887,NA,1952,731,0,0,1,1,0,0
North Korea,0,NA,1,A,1989,0,0,N/A,N/A,1948,1887,NA,1953,731,0,0,1,1,0,0
North Korea,0,NA,1,A,1989,0,0,N/A,N/A,1948,1887,NA,1956,731,1,1,1,1,1,0
North Korea,0,NA,1,A,1989,0,0,N/A,N/A,1948,1887,NA,1957,731,0,0,1,1,0,0
North Korea,0,NA,1,A,1989,0,0,N/A,N/A,1948,1887,NA,1958,731,0,0,1,1,0,0
North Korea,0,NA,1,A,1989,0,0,N/A,N/A,1948,1887,NA,1959,731,0,0,1,1,0,0
North Macedonia 2,0,NA,1,S,1994,0,0,N/A,N/A,NA,1993,NA,NA,NA,NA,NA,NA,NA,NA,0
Norway,1,1948,1,R,1949,0,0,N/A,N/A,1945,1905,NA,NA,NA,NA,NA,NA,NA,NA,0
Pakistan,1,1948,1,R,1957,0,0,N/A,N/A,NA,1947,NA,1947,770,1,1,2,2,2,0
Pakistan,1,1948,1,R,1957,0,0,N/A,N/A,NA,1947,NA,1971,770,1,1,1,1,1,0
Pakistan,1,1948,1,R,1957,0,0,N/A,N/A,NA,1947,NA,1998,770,1,0,0,1,1,0
Pakistan,1,1948,1,R,1957,0,0,N/A,N/A,NA,1947,NA,1999,770,0,0,0,1,0,0
Pakistan,1,1948,1,R,1957,0,0,N/A,N/A,NA,1947,NA,2003,770,1,0,0,1,1,0
Pakistan,1,1948,1,R,1957,0,0,N/A,N/A,NA,1947,NA,2004,770,1,0,0,1,1,0
Pakistan,1,1948,1,R,1957,0,0,N/A,N/A,NA,1947,NA,2010,770,1,0,0,1,1,0
Pakistan,1,1948,1,R,1957,0,0,N/A,N/A,NA,1947,NA,2011,770,0,0,0,1,0,0
Pakistan,1,1948,1,R,1957,0,0,N/A,N/A,NA,1947,NA,2013,770,1,0,0,1,1,0
Panama,1,1948,1,R,1950,0,0,N/A,N/A,NA,1903,NA,NA,NA,NA,NA,NA,NA,NA,0
Papua New Guinea,0,NA,1,A,1982,0,0,N/A,N/A,NA,1975,NA,NA,NA,NA,NA,NA,NA,NA,0
Paraguay,1,1948,1,R,2001,0,0,N/A,N/A,NA,1846,NA,NA,NA,NA,NA,NA,NA,NA,0
Peru,1,1948,1,R,1960,0,0,N/A,N/A,NA,1839,NA,1982,135,1,1,1,1,1,0
Peru,1,1948,1,R,1960,0,0,N/A,N/A,NA,1839,NA,1983,135,0,0,1,1,0,0
Peru,1,1948,1,R,1960,0,0,N/A,N/A,NA,1839,NA,1984,135,0,0,1,1,0,0
Peru,1,1948,1,R,1960,0,0,N/A,N/A,NA,1839,NA,1985,135,0,0,1,1,0,0
Peru,1,1948,1,R,1960,0,0,N/A,N/A,NA,1839,NA,1986,135,0,0,1,1,0,0
Peru,1,1948,1,R,1960,0,0,N/A,N/A,NA,1839,NA,1987,135,0,0,1,1,0,0
Peru,1,1948,1,R,1960,0,0,N/A,N/A,NA,1839,NA,1988,135,0,0,1,1,0,0
Peru,1,1948,1,R,1960,0,0,N/A,N/A,NA,1839,NA,1989,135,0,0,1,1,0,0
Peru,1,1948,1,R,1960,0,0,N/A,N/A,NA,1839,NA,1990,135,0,0,1,1,0,0
Peru,1,1948,1,R,1960,0,0,N/A,N/A,NA,1839,NA,1991,135,0,0,1,1,0,0
Peru,1,1948,1,R,1960,0,0,N/A,N/A,NA,1839,NA,1992,135,0,0,1,1,0,0
Peru,1,1948,1,R,1960,0,0,N/A,N/A,NA,1839,NA,1993,135,0,0,1,1,0,0
Philippines,1,1948,1,R,1950,1,N/A,N/A,1,NA,1946,"IV, VI",1974,840,1,1,1,1,1,1
Philippines,1,1948,1,R,1950,1,N/A,N/A,1,NA,1946,"IV, VI",1995,840,1,0,0,1,1,1
Poland,0,NA,1,A,1950,0,1,1997,1,1945,1918,NA,NA,NA,NA,NA,NA,NA,NA,1
Portugal,0,NA,1,A,1999,0,0,N/A,N/A,NA,1816,NA,NA,NA,NA,NA,NA,NA,NA,0
Republic of Moldova,0,NA,1,A,1993,0,0,N/A,N/A,NA,1991,NA,NA,NA,NA,NA,NA,NA,NA,0
Romania,0,NA,1,A,1950,0,1,1997,1,NA,1878,NA,1989,360,1,0,0,1,1,1
Russia,1,1949,1,R,1954,0,1,1989,1,NA,1816,NA,1995,365,1,0,0,1,1,1
Russia,1,1949,1,R,1954,0,1,1989,1,NA,1816,NA,1999,365,1,0,0,1,1,1
Russia,1,1949,1,R,1954,0,1,1989,1,NA,1816,NA,2000,365,0,0,0,1,0,1
Russia,1,1949,1,R,1954,0,1,1989,1,NA,1816,NA,2001,365,0,0,0,1,0,1
Russia,1,1949,1,R,1954,0,1,1989,1,NA,1816,NA,1956,365,1,0,0,1,1,1
Rwanda,0,NA,1,A,1975,0,1,2008,1,NA,1962,NA,1963,517,1,1,1,2,2,1
Rwanda,0,NA,1,A,1975,0,1,2008,1,NA,1962,NA,1964,517,0,0,0,1,0,1
Rwanda,0,NA,1,A,1975,0,1,2008,1,NA,1962,NA,1991,517,1,1,1,1,1,1
Rwanda,0,NA,1,A,1975,0,1,2008,1,NA,1962,NA,1992,517,0,0,1,1,0,1
Rwanda,0,NA,1,A,1975,0,1,2008,1,NA,1962,NA,1993,517,0,0,1,1,0,1
Rwanda,0,NA,1,A,1975,0,1,2008,1,NA,1962,NA,1994,517,0,0,1,1,0,1
Rwanda,0,NA,1,A,1975,0,1,2008,1,NA,1962,NA,1997,517,1,0,0,1,1,1
San Marino,0,NA,1,A,2013,0,0,N/A,N/A,NA,1992,NA,NA,NA,NA,NA,NA,NA,NA,0
Saudi Arabia,0,NA,1,A,1950,0,0,N/A,N/A,NA,1927,NA,NA,NA,NA,NA,NA,NA,NA,0
Senegal,0,NA,1,A,1983,0,0,N/A,N/A,NA,1960,NA,NA,NA,NA,NA,NA,NA,NA,0
Serbia,0,NA,1,A,2001,1,N/A,N/A,1,1944,1878,Disputes over validity of Yugoslavia reservation (succesor state of USSR or not,1998,345,1,1,1,1,1,1
Serbia,0,NA,1,A,2001,1,N/A,N/A,1,1944,1878,Disputes over validity of Yugoslavia reservation (succesor state of USSR or not,1999,345,0,0,1,1,0,1
Seychelles,0,NA,1,A,1992,0,0,N/A,N/A,NA,1976,NA,NA,NA,NA,NA,NA,NA,NA,0
Singapore,0,NA,1,A,1995,1,N/A,N/A,1,NA,1965,NA,NA,NA,NA,NA,NA,NA,NA,1
Slovakia,0,NA,1,S,1993,0,0,N/A,N/A,"1945, 1993",1918,NA,NA,NA,NA,NA,NA,NA,NA,0
Slovenia,0,NA,1,S,1992,0,0,N/A,N/A,NA,1992,NA,NA,NA,NA,NA,NA,NA,NA,0
South Africa,0,NA,1,A,1998,0,0,N/A,N/A,NA,1920,NA,NA,NA,NA,NA,NA,NA,NA,0
South Korea,0,NA,1,A,1950,0,0,N/A,N/A,NA,1949,NA,1948,732,1,1,1,1,1,0
South Korea,0,NA,1,A,1950,0,0,N/A,N/A,NA,1949,NA,1950,732,1,1,1,1,1,0
South Korea,0,NA,1,A,1950,0,0,N/A,N/A,NA,1949,NA,1951,732,0,0,1,1,0,0
Spain,0,NA,1,A,1968,0,1,2009,1,NA,1816,NA,NA,NA,NA,NA,NA,NA,NA,1
Sri Lanka,0,NA,1,A,1950,0,0,N/A,N/A,NA,1948,NA,1983,780,1,1,1,1,1,0
Sri Lanka,0,NA,1,A,1950,0,0,N/A,N/A,NA,1948,NA,1989,780,1,1,1,1,1,0
Sri Lanka,0,NA,1,A,1950,0,0,N/A,N/A,NA,1948,NA,1990,780,1,0,1,2,1,0
Sri Lanka,0,NA,1,A,1950,0,0,N/A,N/A,NA,1948,NA,1991,780,0,0,1,2,0,0
Sri Lanka,0,NA,1,A,1950,0,0,N/A,N/A,NA,1948,NA,1992,780,0,0,1,1,0,0
Sri Lanka,0,NA,1,A,1950,0,0,N/A,N/A,NA,1948,NA,1994,780,1,0,0,1,1,0
Sri Lanka,0,NA,1,A,1950,0,0,N/A,N/A,NA,1948,NA,1995,780,0,0,0,1,0,0
Sri Lanka,0,NA,1,A,1950,0,0,N/A,N/A,NA,1948,NA,1996,780,0,0,0,1,0,0
Sri Lanka,0,NA,1,A,1950,0,0,N/A,N/A,NA,1948,NA,1998,780,1,0,0,1,1,0
Sri Lanka,0,NA,1,A,1950,0,0,N/A,N/A,NA,1948,NA,1999,780,0,0,0,1,0,0
Sri Lanka,0,NA,1,A,1950,0,0,N/A,N/A,NA,1948,NA,2000,780,0,0,0,1,0,0
Sri Lanka,0,NA,1,A,1950,0,0,N/A,N/A,NA,1948,NA,2009,780,1,1,1,1,1,0
St. Vincent and the Grenadines,0,NA,1,A,1981,0,0,N/A,N/A,NA,1979,NA,NA,NA,NA,NA,NA,NA,NA,0
State of Palestine,0,NA,1,A,2014,0,0,N/A,N/A,NA,NA,NA,NA,NA,NA,NA,NA,NA,NA,0
Sudan,0,NA,1,A,2003,0,0,N/A,N/A,NA,1956,NA,1965,625,1,1,1,1,1,0
Sudan,0,NA,1,A,2003,0,0,N/A,N/A,NA,1956,NA,1985,625,1,1,1,1,1,0
Sudan,0,NA,1,A,2003,0,0,N/A,N/A,NA,1956,NA,1986,625,0,0,1,1,0,0
Sudan,0,NA,1,A,2003,0,0,N/A,N/A,NA,1956,NA,1987,625,0,0,1,1,0,0
Sudan,0,NA,1,A,2003,0,0,N/A,N/A,NA,1956,NA,1988,625,0,0,1,1,0,0
Sudan,0,NA,1,A,2003,0,0,N/A,N/A,NA,1956,NA,1989,625,0,0,1,1,0,0
Sudan,0,NA,1,A,2003,0,0,N/A,N/A,NA,1956,NA,1990,625,0,0,1,1,0,0
Sudan,0,NA,1,A,2003,0,0,N/A,N/A,NA,1956,NA,1991,625,1,1,2,2,1,0
Sudan,0,NA,1,A,2003,0,0,N/A,N/A,NA,1956,NA,1992,625,1,0,2,3,1,0
Sudan,0,NA,1,A,2003,0,0,N/A,N/A,NA,1956,NA,1993,625,0,0,2,3,0,0
Sudan,0,NA,1,A,2003,0,0,N/A,N/A,NA,1956,NA,1994,625,0,0,1,1,0,0
Sudan,0,NA,1,A,2003,0,0,N/A,N/A,NA,1956,NA,1995,625,1,0,1,2,1,0
Sudan,0,NA,1,A,2003,0,0,N/A,N/A,NA,1956,NA,1996,625,0,0,1,1,0,0
Sudan,0,NA,1,A,2003,0,0,N/A,N/A,NA,1956,NA,1997,625,0,0,1,1,0,0
Sudan,0,NA,1,A,2003,0,0,N/A,N/A,NA,1956,NA,1998,625,0,0,1,1,0,0
Sudan,0,NA,1,A,2003,0,0,N/A,N/A,NA,1956,NA,1999,625,0,0,1,1,0,0
Sudan,0,NA,1,A,2003,0,0,N/A,N/A,NA,1956,NA,2000,625,0,0,1,1,0,0
Sudan,0,NA,1,A,2003,0,0,N/A,N/A,NA,1956,NA,2002,625,1,1,1,1,1,0
Sudan,0,NA,1,A,2003,0,0,N/A,N/A,NA,1956,NA,2003,625,1,1,2,2,1,0
Sudan,0,NA,1,A,2003,0,0,N/A,N/A,NA,1956,NA,2004,625,0,0,2,2,0,0
Sudan,0,NA,1,A,2003,0,0,N/A,N/A,NA,1956,NA,2005,625,0,0,2,2,0,0
Sudan,0,NA,1,A,2003,0,0,N/A,N/A,NA,1956,NA,2006,625,0,0,2,2,0,0
Sudan,0,NA,1,A,2003,0,0,N/A,N/A,NA,1956,NA,2007,625,0,0,1,1,0,0
Sudan,0,NA,1,A,2003,0,0,N/A,N/A,NA,1956,NA,2008,625,0,0,1,1,0,0
Sudan,0,NA,1,A,2003,0,0,N/A,N/A,NA,1956,NA,2011,625,1,0,0,1,1,0
Sudan,0,NA,1,A,2003,0,0,N/A,N/A,NA,1956,NA,2012,625,0,0,0,1,0,0
Sudan,0,NA,1,A,2003,0,0,N/A,N/A,NA,1956,NA,2014,625,1,0,0,1,1,0
Sudan,0,NA,1,A,2003,0,0,N/A,N/A,NA,1956,NA,2015,625,0,0,0,1,0,0
Sudan,0,NA,1,A,2003,0,0,N/A,N/A,NA,1956,NA,2016,625,0,0,0,1,0,0
Sudan,0,NA,1,A,2003,0,0,N/A,N/A,NA,1956,NA,2019,625,1,0,0,1,1,0
Sweden,1,1949,1,R,1952,0,0,N/A,N/A,NA,1816,NA,NA,NA,NA,NA,NA,NA,NA,0
Switzerland,0,NA,1,A,2000,0,0,N/A,N/A,NA,1816,NA,NA,NA,NA,NA,NA,NA,NA,0
Syria,0,NA,1,A,1955,0,0,N/A,N/A,1961,1946,NA,1980,652,1,0,0,1,1,0
Syria,0,NA,1,A,1955,0,0,N/A,N/A,1961,1946,NA,1982,652,1,0,0,1,1,0
Syria,0,NA,1,A,1955,0,0,N/A,N/A,1961,1946,NA,2011,652,1,1,1,1,1,0
Syria,0,NA,1,A,1955,0,0,N/A,N/A,1961,1946,NA,2012,652,0,0,1,1,0,0
Syria,0,NA,1,A,1955,0,0,N/A,N/A,1961,1946,NA,2013,652,0,0,1,1,0,0
Tajikistan,0,NA,1,A,2015,0,0,N/A,N/A,NA,1991,NA,NA,NA,NA,NA,NA,NA,NA,0
Tanzania,0,NA,1,A,1984,0,0,N/A,N/A,NA,1961,NA,1964,511,1,0,0,1,1,0
Togo,0,NA,1,A,1984,0,0,N/A,N/A,NA,1960,NA,NA,NA,NA,NA,NA,NA,NA,0
Tonga,0,NA,1,A,1972,0,0,N/A,N/A,NA,1999,NA,NA,NA,NA,NA,NA,NA,NA,0
Trinidad and Tobago,0,NA,1,A,2002,0,0,N/A,N/A,NA,1962,NA,NA,NA,NA,NA,NA,NA,NA,0
Tunisia,0,NA,1,A,1956,0,0,N/A,N/A,NA,1825,NA,NA,NA,NA,NA,NA,NA,NA,0
TÃ¼rkiye,0,NA,1,A,1950,0,0,N/A,N/A,NA,1816,NA,NA,NA,NA,NA,NA,NA,NA,0
Turkmenistan,0,NA,1,A,2018,0,0,N/A,N/A,NA,1991,NA,NA,NA,NA,NA,NA,NA,NA,0
Uganda,0,NA,1,A,1995,0,0,N/A,N/A,NA,1962,NA,1966,500,1,1,1,1,1,0
Uganda,0,NA,1,A,1995,0,0,N/A,N/A,NA,1962,NA,1967,500,0,0,1,1,0,0
Uganda,0,NA,1,A,1995,0,0,N/A,N/A,NA,1962,NA,1968,500,0,0,1,1,0,0
Uganda,0,NA,1,A,1995,0,0,N/A,N/A,NA,1962,NA,1969,500,0,0,1,1,0,0
Uganda,0,NA,1,A,1995,0,0,N/A,N/A,NA,1962,NA,1970,500,0,0,1,1,0,0
Uganda,0,NA,1,A,1995,0,0,N/A,N/A,NA,1962,NA,1971,500,0,0,1,1,0,0
Uganda,0,NA,1,A,1995,0,0,N/A,N/A,NA,1962,NA,1972,500,0,0,1,1,0,0
Uganda,0,NA,1,A,1995,0,0,N/A,N/A,NA,1962,NA,1973,500,0,0,1,1,0,0
Uganda,0,NA,1,A,1995,0,0,N/A,N/A,NA,1962,NA,1974,500,0,0,1,1,0,0
Uganda,0,NA,1,A,1995,0,0,N/A,N/A,NA,1962,NA,1975,500,0,0,1,1,0,0
Uganda,0,NA,1,A,1995,0,0,N/A,N/A,NA,1962,NA,1976,500,0,0,1,1,0,0
Uganda,0,NA,1,A,1995,0,0,N/A,N/A,NA,1962,NA,1977,500,0,0,1,1,0,0
Uganda,0,NA,1,A,1995,0,0,N/A,N/A,NA,1962,NA,1978,500,0,0,1,1,0,0
Uganda,0,NA,1,A,1995,0,0,N/A,N/A,NA,1962,NA,1979,500,0,0,1,1,0,0
Uganda,0,NA,1,A,1995,0,0,N/A,N/A,NA,1962,NA,1981,500,1,1,1,1,1,0
Uganda,0,NA,1,A,1995,0,0,N/A,N/A,NA,1962,NA,1982,500,0,0,1,1,0,0
Uganda,0,NA,1,A,1995,0,0,N/A,N/A,NA,1962,NA,1983,500,0,0,1,1,0,0
Uganda,0,NA,1,A,1995,0,0,N/A,N/A,NA,1962,NA,1984,500,0,0,1,1,0,0
Uganda,0,NA,1,A,1995,0,0,N/A,N/A,NA,1962,NA,1985,500,0,0,1,1,0,0
Ukraine,1,1949,1,R,1954,0,1,1989,1,NA,1991,NA,2022,369,1,1,1,1,1,1
United Arab Emirates,0,NA,1,A,2005,1,N/A,N/A,1,NA,1971,NA,NA,NA,NA,NA,NA,NA,NA,1
United Kingdom of Great Britain and Northern Ireland,0,NA,1,A,1970,0,0,N/A,N/A,NA,1816,NA,NA,NA,NA,NA,NA,NA,NA,0
United States of America,1,1948,1,R,1988,1,N/A,N/A,1,NA,1816,"VII, VI",NA,NA,NA,NA,NA,NA,NA,1
Uruguay,1,1948,1,R,1967,0,0,N/A,N/A,NA,1882,NA,NA,NA,NA,NA,NA,NA,NA,0
Uzbekistan,0,NA,1,A,1999,0,0,N/A,N/A,NA,1991,NA,2005,704,1,0,0,1,1,0
Venezuela,0,NA,1,A,1960,1,N/A,N/A,1,NA,1841,"VI, VII",NA,NA,NA,NA,NA,NA,NA,1
Vietnam,0,NA,1,A,1981,1,N/A,N/A,1,NA,1954,NA,1954,816,1,1,1,1,1,1
Vietnam,0,NA,1,A,1981,1,N/A,N/A,1,NA,1954,NA,1955,816,0,0,1,1,0,1
Vietnam,0,NA,1,A,1981,1,N/A,N/A,1,NA,1954,NA,1956,816,0,0,1,1,0,1
Vietnam,0,NA,1,A,1981,1,N/A,N/A,1,NA,1954,NA,1957,816,0,0,1,1,0,1
Vietnam,0,NA,1,A,1981,1,N/A,N/A,1,NA,1954,NA,1955,817,1,0,0,1,1,1
Vietnam,0,NA,1,A,1981,1,N/A,N/A,1,NA,1954,NA,1956,817,0,0,0,1,0,1
Vietnam,0,NA,1,A,1981,1,N/A,N/A,1,NA,1954,NA,1957,817,0,0,0,1,0,1
Yemen,0,NA,1,A,1989,1,N/A,N/A,1,"1967, 1990",1926,NA,NA,NA,NA,NA,NA,NA,NA,1
Zambia,0,NA,1,A,2022,0,0,N/A,N/A,NA,1964,NA,NA,NA,NA,NA,NA,NA,NA,0
Zimbabwe,0,NA,1,A,1991,0,0,N/A,N/A,NA,1965,NA,1983,552,1,1,1,1,1,0
Zimbabwe,0,NA,1,A,1991,0,0,N/A,N/A,NA,1965,NA,1984,552,0,0,1,1,0,0
Zimbabwe,0,NA,1,A,1991,0,0,N/A,N/A,NA,1965,NA,1985,552,0,0,1,1,0,0
Zimbabwe,0,NA,1,A,1991,0,0,N/A,N/A,NA,1965,NA,1986,552,0,0,1,1,0,0
Zimbabwe,0,NA,1,A,1991,0,0,N/A,N/A,NA,1965,NA,1987,552,0,0,1,1,0,0
